Your Message,Optional Context File Path,output,timestamp
make a calculator python script,,"ðŸ§  Plan:
```
# Calculator Script
def calculate(operation, num1, num2):
    if operation == '+':
        return num1 + num2
    elif operation == '-':
        return num1 - num2
    elif operation == '*':
        return num1 * num2
    elif operation == '/':
        return num1 / num2
    else:
        raise ValueError('Invalid operation')
```",2025-06-08 13:26:41.372833
make a calculator python script,,"ðŸ§  Plan:
```
# Calculator Script
def calculate(operation, num1, num2):
    if operation == '+':
        return num1 + num2
    elif operation == '-':
        return num1 - num2
    elif operation == '*':
        return num1 * num2
    elif operation == '/':
        return num1 / num2
    else:
        raise ValueError('Invalid operation')
```",2025-06-08 13:26:51.812911
